{
  "best_f1_thr": 0.2878602490613266,
  "cost_thr": 0.2874295681893964,
  "target_recall_thr": 1e-06,
  "val_pr_auc": 0.10552075559278254,
  "test_pr_auc": 0.0803368679268023
}